SITENAME,Date,Type,ugP/g,mgC/g,mgN/g
SRS1b,2002-09-01,Aboveground,368,461,7.75
SRS1b,2002-09-01,Aboveground,450,468,7.28
SRS1b,2002-09-01,Aboveground,750,469,8.18
SRS1b,2002-09-01,Belowground,662,472.5,9.21
SRS1b,2002-09-01,Belowground,378,479,6.1
SRS1b,2002-09-01,Belowground,1440,481,7.04
SRS1b,2003-03-01,Aboveground,363,470,9.02
SRS1b,2003-03-01,Aboveground,302,479,6.69
SRS1b,2003-03-01,Aboveground,372,472,9.1
SRS1b,2003-03-01,Belowground,932,475,8.63
SRS1b,2003-03-01,Belowground,889,476,4.29
SRS1b,2003-03-01,Belowground,242,472.5,7.56
SRS1b,2004-03-01,Aboveground,272.56,487.4,7.49
SRS1b,2004-03-01,Aboveground,531.278,477.64,8.31
SRS1b,2004-03-01,Aboveground,330.279,477.38,7.03
SRS1b,2004-03-01,Belowground,359.603,480.16,5.13
SRS1b,2004-03-01,Belowground,521.328,475.52,5.82
SRS1b,2004-03-01,Belowground,315.726,476.58,4.45
SRS1c,2005-04-01,Aboveground,299,489,6.76
SRS1c,2005-04-01,Aboveground,200,486,6.81
SRS1c,2005-04-01,Aboveground,244,481,6.59
SRS1c,2005-04-01,Belowground,932,475,7.56
SRS1c,2005-04-01,Belowground,221,479,6.53
SRS1c,2005-04-01,Belowground,137,462,6.81
SRS1d,2006-03-01,Aboveground,421,488,6.55
SRS1d,2006-03-01,Aboveground,346,490,6.11
SRS1d,2006-03-01,Aboveground,328,487,5.84
SRS1d,2006-03-01,Belowground,749,488,9.15
SRS1d,2006-03-01,Belowground,875,480,11.1
SRS1d,2006-03-01,Belowground,658,484,9.61
SRS1d,2007-03-01,Aboveground,297,481,7.1
SRS1d,2007-03-01,Aboveground,276,489,5.76
SRS1d,2007-03-01,Aboveground,348,476.5,6.1
SRS1d,2007-03-01,Belowground,276,468,6.55
SRS1d,2007-03-01,Belowground,406,472,6.64
SRS1d,2007-03-01,Belowground,336,467,6.82
SRS1d,2008-03-01,Aboveground,277,492,5.76
SRS1d,2008-03-01,Aboveground,263,493,6.22
SRS1d,2008-03-01,Aboveground,280,497,7.71
SRS1d,2008-03-01,Belowground,297,484,7.21
SRS1d,2008-03-01,Belowground,296,490,7.48
SRS1d,2008-03-01,Belowground,230,491,8.07
SRS1d,2009-03-01,Aboveground,263,493,8
SRS1d,2009-03-01,Aboveground,162,498,5.09
SRS1d,2009-03-01,Aboveground,314,489,7.8
SRS1d,2009-03-01,Belowground,239,475,7.54
SRS1d,2009-03-01,Belowground,163,491,5.62
SRS1d,2009-03-01,Belowground,285,491,5.36
SRS1d,2010-03-01,Aboveground,378.542,409.9,7.3
SRS1d,2010-03-01,Aboveground,289.629,407.5,5.6
SRS1d,2010-03-01,Aboveground,221.045,434.2,5.3
SRS1d,2010-03-01,Belowground,537.409,413.2,8.6
SRS1d,2010-03-01,Belowground,1005.058,409.2,11.1
SRS1d,2010-03-01,Belowground,140.576,475.4,4.7
SRS1d,2011-03-01,Aboveground,189.561,500.43,5.45
SRS1d,2011-03-01,Aboveground,188.806,435.56,6.32
SRS1d,2011-03-01,Aboveground,271.776,418.23,6.48
SRS1d,2011-03-01,Belowground,146.569,416.55,5.5
SRS1d,2011-03-01,Belowground,326.983,427.92,6.3
SRS1d,2011-03-01,Belowground,208.428,419.32,8.11
SRS1d,2012-03-01,Aboveground,166.283,451.14,5.67
SRS1d,2012-03-01,Aboveground,213.573,500.17,4.01
SRS1d,2012-03-01,Aboveground,144.02,438.93,4.36
SRS1d,2012-03-01,Belowground,256.318,397.84,3.89
SRS1d,2012-03-01,Belowground,182.599,440.72,2.29
SRS1d,2012-03-01,Belowground,106.805,488.38,2.93
SRS1d,2013-03-01,Aboveground,230.329,485.18,5.41
SRS1d,2013-03-01,Aboveground,238.732,485.16,5.27
SRS1d,2013-03-01,Aboveground,198.065,486.18,4.9
SRS1d,2013-03-01,Belowground,447.936,461.3,8.39
SRS1d,2013-03-01,Belowground,155.682,455.24,6.29
SRS1d,2013-03-01,Belowground,253.13,469.62,7.73
SRS1d,2014-03-01,Aboveground,188.673,474.38,6.3
SRS1d,2014-03-01,Aboveground,233.449,474.13,6.49
SRS1d,2014-03-01,Aboveground,214.382,476.21,7.07
SRS1d,2014-03-01,Belowground,244.603,468.22,5.34
SRS1d,2014-03-01,Belowground,496.388,467.67,9.09
SRS1d,2014-03-01,Belowground,504.337,451.42,8.46
SRS1d,2015-03-01,Aboveground,179.048,476.27,5.39
SRS1d,2015-03-01,Aboveground,233.258,480.48,6.37
SRS1d,2015-03-01,Aboveground,159.423,447.22,6.02
SRS1d,2015-03-01,Belowground,287.93,464.61,6.19
SRS1d,2015-03-01,Belowground,317.215,469.98,7.82
SRS1d,2015-03-01,Belowground,171.737,470.45,5.37
SRS1d,2016-03-01,Aboveground,257.388,472.46,6.41
SRS1d,2016-03-01,Aboveground,184.123,484.4,5.07
SRS1d,2016-03-01,Aboveground,320.444,471.95,7.2
SRS1d,2016-03-01,Belowground,688.289,447.73,7.72
SRS1d,2016-03-01,Belowground,257.578,455.33,7.8
SRS1d,2016-03-01,Belowground,271.031,460.97,6.18
SRS1d,2017-03-01,Aboveground,204.308,484.47,5.49
SRS1d,2017-03-01,Aboveground,227.156,483.52,5.72
SRS1d,2017-03-01,Aboveground,283.33,483.33,6.09
SRS1d,2017-03-01,Belowground,558.932,470.68,8.82
SRS1d,2017-03-01,Belowground,325.325,478.81,12.19
SRS1d,2017-03-01,Belowground,203.359,472.22,5.89
SRS1d,2018-03-01,Aboveground,360.74,475.89,4.87
SRS1d,2018-03-01,Aboveground,212.88,424.59,4.2
SRS1d,2018-03-01,Aboveground,231.93,449.14,4.21
SRS1d,2018-03-01,Belowground,320.7,439.07,6.05
SRS1d,2018-03-01,Belowground,480.56,371.2,8.39
SRS1d,2018-03-01,Belowground,322.4,395.16,6.86
SRS1d,2019-03-01,Aboveground,220.39,485.99,6.08
SRS1d,2019-03-01,Aboveground,246.33,490.71,5.94
SRS1d,2019-03-01,Aboveground,211.26,488.41,5.79
SRS1d,2019-03-01,Belowground,190.3,484.76,5.8
SRS1d,2019-03-01,Belowground,171.81,481.71,8.98
SRS1d,2019-03-01,Belowground,258.21,479.53,6.98
SRS1d,2020-03-01,Aboveground,172.691,486.63,4.97
SRS1d,2020-03-01,Aboveground,167.989,492.01,5.04
SRS1d,2020-03-01,Aboveground,155.554,496.11,4.89
SRS1d,2020-03-01,Belowground,375.045,473.54,6.54
SRS1d,2020-03-01,Belowground,290.053,475.4,5.36
SRS1d,2020-03-01,Belowground,310.021,479.5,5.33
SRS1d,2021-03-01,Aboveground,151.776,429.6,4.3
SRS1d,2021-03-01,Aboveground,161.759,454.2,4.6
SRS1d,2021-03-01,Aboveground,179.14,474.1,4.6
SRS1d,2021-03-01,Belowground,80.709,449.1,5.6
SRS1d,2021-03-01,Belowground,358.948,455.4,7.4
SRS1d,2021-03-01,Belowground,466.14,463.9,7.8
SRS1d,2022-03-01,Aboveground,235.395,493.8,5.8
SRS1d,2022-03-01,Aboveground,196.26,494.9,5.45
SRS1d,2022-03-01,Aboveground,199.773,492.9,5.8
SRS1d,2022-03-01,Belowground,138.139,475.7,7.5
SRS1d,2022-03-01,Belowground,110.029,476.65,7.75
SRS1d,2022-03-01,Belowground,215.305,476.1,8.3
SRS1d,2023-03-01,Aboveground,149.597,480.8,4
SRS1d,2023-03-01,Aboveground,301.029,468.2,6.8
SRS1d,2023-03-01,Aboveground,202.5,469.5,5.4
SRS1d,2023-03-01,Belowground,141.743,453.3,5.9
SRS1d,2023-03-01,Belowground,178.457,456.4,6.4
SRS1d,2023-03-01,Belowground,333.238,443,5.7
SRS2,2002-09-01,Aboveground,280,472,6.19
SRS2,2002-09-01,Aboveground,292,474,7
SRS2,2002-09-01,Aboveground,234,479,6.14
SRS2,2002-09-01,Belowground,1300,465,12.1
SRS2,2002-09-01,Belowground,234,472,6.22
SRS2,2002-09-01,Belowground,164,479,6.3
SRS2,2003-03-01,Aboveground,326,476,11.1
SRS2,2003-03-01,Aboveground,242,477,8.23
SRS2,2003-03-01,Aboveground,224,485,8.42
SRS2,2003-03-01,Belowground,110,474,8.65
SRS2,2003-03-01,Belowground,180,476,6.5
SRS2,2003-03-01,Belowground,146,475,6.75
SRS2,2004-03-01,Aboveground,416.07,472.51,8.38
SRS2,2004-03-01,Aboveground,194.869,485.02,7.27
SRS2,2004-03-01,Aboveground,236.35,487.83,7.61
SRS2,2004-03-01,Belowground,214.208,475.98,9.14
SRS2,2004-03-01,Belowground,410.981,474.76,7.34
SRS2,2004-03-01,Belowground,301.206,475.15,8.14
SRS2,2005-04-01,Aboveground,185,487,6.51
SRS2,2005-04-01,Aboveground,172,488,5.92
SRS2,2005-04-01,Aboveground,188,489,5.91
SRS2,2005-04-01,Belowground,193,481,13.9
SRS2,2005-04-01,Belowground,143,486,9.39
SRS2,2005-04-01,Belowground,232,479,7.84
SRS2,2006-03-01,Aboveground,354,486,8.91
SRS2,2006-03-01,Aboveground,203,496,6.81
SRS2,2006-03-01,Aboveground,234,496,6.84
SRS2,2006-03-01,Belowground,388,480,6.39
SRS2,2006-03-01,Belowground,128,482,8.1
SRS2,2006-03-01,Belowground,195,487,6.63
SRS2,2007-03-01,Aboveground,218,484,7.23
SRS2,2007-03-01,Aboveground,140,480,5.88
SRS2,2007-03-01,Aboveground,160,484,5.76
SRS2,2007-03-01,Belowground,209,471,6.65
SRS2,2007-03-01,Belowground,236,471,7.18
SRS2,2007-03-01,Belowground,150,474,6.54
SRS2,2008-03-01,Aboveground,282,503,7.81
SRS2,2008-03-01,Aboveground,247,508,8.63
SRS2,2008-03-01,Aboveground,227,493,6.3
SRS2,2008-03-01,Belowground,151,487,6.4
SRS2,2008-03-01,Belowground,189,489,8.91
SRS2,2008-03-01,Belowground,212.5,491,8.53
SRS2,2009-03-01,Aboveground,235,490,5.89
SRS2,2009-03-01,Aboveground,139,488,3.91
SRS2,2009-03-01,Aboveground,224,494,5.99
SRS2,2009-03-01,Belowground,139,481,5.67
SRS2,2009-03-01,Belowground,104,494,5.17
SRS2,2009-03-01,Belowground,361,477,7.62
SRS2,2010-03-01,Aboveground,184.446,405,4.7
SRS2,2010-03-01,Aboveground,200.529,465.9,5.7
SRS2,2010-03-01,Aboveground,332.751,413.1,4.6
SRS2,2010-03-01,Belowground,214.096,415.7,3.7
SRS2,2010-03-01,Belowground,233.763,378.4,6
SRS2,2010-03-01,Belowground,137.533,476.8,5.7
SRS2,2011-03-01,Aboveground,206.066,444.3,6.01
SRS2,2011-03-01,Aboveground,227.165,433.85,6.57
SRS2,2011-03-01,Aboveground,228.026,462.75,5.11
SRS2,2011-03-01,Belowground,125.57,428.88,4.92
SRS2,2011-03-01,Belowground,853.387,421.24,9.97
SRS2,2011-03-01,Belowground,383.478,428.57,5.44
SRS2,2012-03-01,Aboveground,156.602,469.8,5.04
SRS2,2012-03-01,Aboveground,132.811,448.73,3.59
SRS2,2012-03-01,Aboveground,192.324,410.87,4.94
SRS2,2012-03-01,Belowground,272.523,452.88,5.51
SRS2,2012-03-01,Belowground,282.375,408.08,5.75
SRS2,2012-03-01,Belowground,102.447,424.8,9.29
SRS2,2013-03-01,Aboveground,209.88,484.49,5.03
SRS2,2013-03-01,Aboveground,333.697,474.4,6.83
SRS2,2013-03-01,Aboveground,207.907,478.63,5.4
SRS2,2013-03-01,Belowground,487.495,468.27,13.7
SRS2,2013-03-01,Belowground,228.391,465.13,7.05
SRS2,2013-03-01,Belowground,159.195,462.97,12.64
SRS2,2014-03-01,Aboveground,393.73,473.46,7.25
SRS2,2014-03-01,Aboveground,373.513,475.87,7.47
SRS2,2014-03-01,Aboveground,314.743,479.14,7.99
SRS2,2014-03-01,Belowground,1625.86,451.12,15.41
SRS2,2014-03-01,Belowground,1515.647,445.35,14.2
SRS2,2014-03-01,Belowground,972.991,444.82,12.63
SRS2,2015-03-01,Aboveground,185.242,488.96,5.9
SRS2,2015-03-01,Aboveground,285.385,480.57,7.22
SRS2,2015-03-01,Aboveground,273.198,476.59,6.79
SRS2,2015-03-01,Belowground,565.482,457.8,9.15
SRS2,2015-03-01,Belowground,199.961,471.3,11.42
SRS2,2015-03-01,Belowground,242.096,467.76,8.01
SRS2,2016-03-01,Aboveground,188.503,478.49,4.7
SRS2,2016-03-01,Aboveground,218.676,475.43,5.47
SRS2,2016-03-01,Aboveground,195.276,487.05,4.69
SRS2,2016-03-01,Belowground,243.133,466.59,6.21
SRS2,2016-03-01,Belowground,132.147,463.1,5.3
SRS2,2016-03-01,Belowground,205.062,468.32,6.24
SRS2,2017-03-01,Aboveground,214.479,480.17,5.86
SRS2,2017-03-01,Aboveground,182.04,485.12,4.86
SRS2,2017-03-01,Aboveground,248.705,483.66,5.27
SRS2,2017-03-01,Belowground,178.266,477.58,7.79
SRS2,2017-03-01,Belowground,331.438,465.43,11.93
SRS2,2017-03-01,Belowground,384.33,475.4,10.65
SRS2,2018-03-01,Aboveground,333.87,483.19,6.02
SRS2,2018-03-01,Aboveground,290.28,464.08,4.94
SRS2,2018-03-01,Aboveground,317.45,447.54,5.38
SRS2,2018-03-01,Belowground,686.67,393.52,7.74
SRS2,2018-03-01,Belowground,326.38,420.96,6.58
SRS2,2018-03-01,Belowground,558.41,395.14,6.67
SRS2,2019-03-01,Aboveground,329.01,485.68,7.81
SRS2,2019-03-01,Aboveground,328.27,479.91,7.99
SRS2,2019-03-01,Aboveground,321.63,479.91,6.28
SRS2,2019-03-01,Belowground,597.31,471.6,9.53
SRS2,2019-03-01,Belowground,714.82,467.08,13.17
SRS2,2019-03-01,Belowground,344.52,479.37,8.36
SRS2,2020-03-01,Aboveground,187.776,487.8,6.06
SRS2,2020-03-01,Aboveground,320.461,487.35,7.16
SRS2,2020-03-01,Aboveground,256.647,490.9,6.79
SRS2,2020-03-01,Belowground,294.553,470.11,6.54
SRS2,2020-03-01,Belowground,167.103,484.27,6.84
SRS2,2020-03-01,Belowground,419.706,460.47,7.17
SRS2,2021-03-01,Aboveground,284.722,461.4,6.1
SRS2,2021-03-01,Aboveground,234.516,470.3,6.9
SRS2,2021-03-01,Aboveground,202.715,473.5,6.6
SRS2,2021-03-01,Belowground,1349.437,413.1,10.7
SRS2,2021-03-01,Belowground,154.349,475.4,6.6
SRS2,2021-03-01,Belowground,243.203,435.5,6.5
SRS2,2022-03-01,Aboveground,120.764,498.8,4.7
SRS2,2022-03-01,Aboveground,184.379,495.6,5.9
SRS2,2022-03-01,Aboveground,181.906,496.8,5.9
SRS2,2022-03-01,Belowground,308.983,477.3,7.3
SRS2,2022-03-01,Belowground,420.962,473.6,8.5
SRS2,2022-03-01,Belowground,224.531,483,8.7
SRS2,2023-03-01,Aboveground,281.675,472,6.8
SRS2,2023-03-01,Aboveground,261.601,472.2,6.4
SRS2,2023-03-01,Aboveground,240.115,468.2,5.7
SRS2,2023-03-01,Belowground,1349.063,433.4,13.2
SRS2,2023-03-01,Belowground,457.912,453,11.5
SRS2,2023-03-01,Belowground,388.847,449.1,7.5
SRS3,2002-09-01,Aboveground,296,476,7.8
SRS3,2002-09-01,Aboveground,266,475,6.93
SRS3,2002-09-01,Aboveground,302,477,7.76
SRS3,2002-09-01,Belowground,1020,504,9.92
SRS3,2002-09-01,Belowground,170,483,7.25
SRS3,2002-09-01,Belowground,210,475,8.16
SRS3,2003-03-01,Aboveground,270,482,8.72
SRS3,2003-03-01,Aboveground,356,478,9.32
SRS3,2003-03-01,Aboveground,252,477,9.52
SRS3,2003-03-01,Belowground,144,484,5.12
SRS3,2003-03-01,Belowground,244,475,6.44
SRS3,2003-03-01,Belowground,114,477,6.92
SRS3,2004-03-01,Aboveground,249.175,486.3,7.53
SRS3,2004-03-01,Aboveground,316.027,482.23,9.54
SRS3,2004-03-01,Aboveground,395.668,487.21,7.83
SRS3,2004-03-01,Belowground,206.164,481.23,6.78
SRS3,2004-03-01,Belowground,298.895,477,5.46
SRS3,2004-03-01,Belowground,1535.628,477.67,7.06
SRS3,2005-04-01,Aboveground,178,488,7.08
SRS3,2005-04-01,Aboveground,238,491,7.65
SRS3,2005-04-01,Aboveground,223,491,7.04
SRS3,2005-04-01,Belowground,121,485,6.94
SRS3,2005-04-01,Belowground,253,485,8.08
SRS3,2005-04-01,Belowground,260,485,8.75
SRS3,2006-03-01,Aboveground,333,488,8.13
SRS3,2006-03-01,Aboveground,333,483,7.63
SRS3,2006-03-01,Aboveground,205,493,6.23
SRS3,2006-03-01,Belowground,410,491,10.8
SRS3,2006-03-01,Belowground,703,481,12.1
SRS3,2006-03-01,Belowground,500,486,9.11
SRS3,2007-03-01,Aboveground,190,486,6.94
SRS3,2007-03-01,Aboveground,236,478,8.85
SRS3,2007-03-01,Aboveground,300,470,10.2
SRS3,2007-03-01,Belowground,140,470,8.04
SRS3,2007-03-01,Belowground,180,458,11.2
SRS3,2007-03-01,Belowground,233,466,8.3
SRS3,2008-03-01,Aboveground,252,475,7.18
SRS3,2008-03-01,Aboveground,247,488.5,8.6
SRS3,2008-03-01,Aboveground,235,482,6.26
SRS3,2008-03-01,Belowground,131,489,5.72
SRS3,2008-03-01,Belowground,129,495,5.04
SRS3,2008-03-01,Belowground,134,490,5.78
SRS3,2009-03-01,Aboveground,175,493,6.22
SRS3,2009-03-01,Aboveground,181,495,6.01
SRS3,2009-03-01,Aboveground,265,484,8.49
SRS3,2009-03-01,Belowground,273,489,6.31
SRS3,2009-03-01,Belowground,151,495,6.07
SRS3,2009-03-01,Belowground,296,485,6.76
SRS3,2010-03-01,Aboveground,360.252,416.9,8.2
SRS3,2010-03-01,Aboveground,301.004,418.7,5.8
SRS3,2010-03-01,Aboveground,242.427,433.9,6.5
SRS3,2010-03-01,Belowground,673.181,384.5,12.2
SRS3,2010-03-01,Belowground,249.628,489.9,6.1
SRS3,2010-03-01,Belowground,262.745,387.9,8.6
SRS3,2011-03-01,Aboveground,220.61,411.01,5.72
SRS3,2011-03-01,Aboveground,259.679,419.55,6.92
SRS3,2011-03-01,Aboveground,329.447,414.33,7.8
SRS3,2011-03-01,Belowground,382.862,373.37,6.59
SRS3,2011-03-01,Belowground,148.601,407.75,5.27
SRS3,2011-03-01,Belowground,199.77,418.19,4.34
SRS3,2012-03-01,Aboveground,225.791,444.23,5.54
SRS3,2012-03-01,Aboveground,234.801,425.61,5.03
SRS3,2012-03-01,Aboveground,324.394,444.22,6.57
SRS3,2012-03-01,Belowground,562.504,402.86,6.71
SRS3,2012-03-01,Belowground,227.987,438.51,5.11
SRS3,2012-03-01,Belowground,530.11,417.39,7.59
SRS3,2013-03-01,Aboveground,435.618,476.39,7.37
SRS3,2013-03-01,Aboveground,424.677,465.81,6.94
SRS3,2013-03-01,Aboveground,488.424,479.65,7.46
SRS3,2013-03-01,Belowground,601.764,464.23,12.82
SRS3,2013-03-01,Belowground,713.317,445.73,12.39
SRS3,2013-03-01,Belowground,1762.762,466.36,11.98
SRS3,2014-03-01,Aboveground,510.965,478.38,8.44
SRS3,2014-03-01,Aboveground,380.577,468.4,8.01
SRS3,2014-03-01,Aboveground,575.288,464.9,7.9
SRS3,2014-03-01,Belowground,985.246,451.86,11.57
SRS3,2014-03-01,Belowground,978.043,437.58,12.34
SRS3,2014-03-01,Belowground,107.606,457.24,9.18
SRS3,2015-03-01,Aboveground,228.358,475.1,6.67
SRS3,2015-03-01,Aboveground,354.155,476.56,6.9
SRS3,2015-03-01,Aboveground,243.698,484.41,6.76
SRS3,2015-03-01,Belowground,92.22,465.59,4.48
SRS3,2015-03-01,Belowground,468.886,464.83,6.02
SRS3,2015-03-01,Belowground,399.95,461.52,7.35
SRS3,2016-03-01,Aboveground,208.584,477.63,5.45
SRS3,2016-03-01,Aboveground,283.805,477.29,8.23
SRS3,2016-03-01,Aboveground,742.596,472.08,7.71
SRS3,2016-03-01,Belowground,325.22,459.54,5.58
SRS3,2016-03-01,Belowground,184.915,469.61,5.38
SRS3,2016-03-01,Belowground,774.054,467.13,7.54
SRS3,2017-03-01,Aboveground,296.085,482.32,5.77
SRS3,2017-03-01,Aboveground,574.997,474.63,7.67
SRS3,2017-03-01,Aboveground,353.455,482.86,8.02
SRS3,2017-03-01,Belowground,394.21,471.83,5.76
SRS3,2017-03-01,Belowground,484.934,474.62,8.86
SRS3,2017-03-01,Belowground,608.775,469.11,8.18
SRS3,2018-03-01,Aboveground,356.44,392.13,5.66
SRS3,2018-03-01,Aboveground,256.1,405.47,5.27
SRS3,2018-03-01,Aboveground,337.35,398.64,5.05
SRS3,2018-03-01,Belowground,1929.5,366.63,7.46
SRS3,2018-03-01,Belowground,296.63,400.18,4.92
SRS3,2018-03-01,Belowground,555.83,403.62,4.27
SRS3,2019-03-01,Aboveground,205.23,495.41,4.87
SRS3,2019-03-01,Aboveground,372.56,492.09,9.59
SRS3,2019-03-01,Aboveground,185.63,492.16,5.77
SRS3,2019-03-01,Belowground,393.01,479.36,6.15
SRS3,2019-03-01,Belowground,780.05,471.92,10.12
SRS3,2019-03-01,Belowground,302.27,481.76,7.79
SRS3,2020-03-01,Aboveground,509.709,488.99,8.83
SRS3,2020-03-01,Aboveground,411.705,493.9,6.41
SRS3,2020-03-01,Aboveground,336.564,497.39,6.43
SRS3,2020-03-01,Belowground,496.804,473.04,5.09
SRS3,2020-03-01,Belowground,604.281,463.42,9.19
SRS3,2020-03-01,Belowground,560.457,463.52,8.69
SRS3,2021-03-01,Aboveground,304.177,459.8,8.1
SRS3,2021-03-01,Aboveground,194.692,473.9,6.4
SRS3,2021-03-01,Aboveground,243.209,449.9,5.9
SRS3,2021-03-01,Belowground,161.616,449.6,5.8
SRS3,2021-03-01,Belowground,160.07,462.1,5.5
SRS3,2021-03-01,Belowground,864.414,448.75,10.95
SRS3,2022-03-01,Aboveground,190.495,492.6,5.8
SRS3,2022-03-01,Aboveground,239.645,493.7,5.9
SRS3,2022-03-01,Aboveground,357.4,490.8,6.7
SRS3,2022-03-01,Belowground,121.688,487.6,4.8
SRS3,2022-03-01,Belowground,316.158,472.1,5.7
SRS3,2022-03-01,Belowground,212.046,478.2,8.5
SRS3,2023-03-01,Aboveground,278.826,463.2,6.8
SRS3,2023-03-01,Aboveground,253.222,467.5,7.2
SRS3,2023-03-01,Aboveground,241.71,468,8.7
SRS3,2023-03-01,Belowground,90.593,457.9,3.6
SRS3,2023-03-01,Belowground,243.011,463.65,7.55
SRS3,2023-03-01,Belowground,138.456,458.7,6
TS/Ph1b,2002-03-01,Aboveground,239.678,477.84,9.06
TS/Ph1b,2002-03-01,Aboveground,207.185,462.95,5.49
TS/Ph1b,2002-03-01,Aboveground,258.839,480.86,7.93
TS/Ph1b,2002-03-01,Belowground,160.18,461.14,6.76
TS/Ph1b,2002-03-01,Belowground,71.644,473.7,3.89
TS/Ph1b,2002-03-01,Belowground,161.545,461.85,6.82
TS/Ph1b,2003-03-01,Aboveground,267,482,9.46
TS/Ph1b,2003-03-01,Aboveground,236,476,8.69
TS/Ph1b,2003-03-01,Aboveground,350,475,9.86
TS/Ph1b,2003-03-01,Belowground,92,478,5.41
TS/Ph1b,2003-03-01,Belowground,76,475,5.42
TS/Ph1b,2003-03-01,Belowground,142,472,6.92
TS/Ph1b,2004-03-01,Aboveground,278.233,496.26,6.73
TS/Ph1b,2004-03-01,Aboveground,379.734,490.32,10.4
TS/Ph1b,2004-03-01,Aboveground,315.093,494.13,8.83
TS/Ph1b,2004-03-01,Belowground,229.95,481.22,5.39
TS/Ph1b,2004-03-01,Belowground,201.803,482.4,5.29
TS/Ph1b,2004-03-01,Belowground,166.316,459.55,7.29
TS/Ph1b,2005-04-01,Aboveground,212,486,8.73
TS/Ph1b,2005-04-01,Aboveground,254,491,7.62
TS/Ph1b,2005-04-01,Aboveground,305,486,9.84
TS/Ph1b,2005-04-01,Belowground,188,468,6.77
TS/Ph1b,2005-04-01,Belowground,513,443,10.3
TS/Ph1b,2005-04-01,Belowground,337,474,7.58
TS/Ph1b,2006-03-01,Aboveground,223,496,7.54
TS/Ph1b,2006-03-01,Aboveground,267,496,9.89
TS/Ph1b,2006-03-01,Aboveground,264,496,8.92
TS/Ph1b,2006-03-01,Belowground,229,496,6.91
TS/Ph1b,2006-03-01,Belowground,275,483,8.02
TS/Ph1b,2006-03-01,Belowground,196.5,490,6.59
TS/Ph1b,2007-03-01,Aboveground,203,485,10.5
TS/Ph1b,2007-03-01,Aboveground,206,486,9.7
TS/Ph1b,2007-03-01,Aboveground,190,490,5.6
TS/Ph1b,2007-03-01,Belowground,110,473,5.37
TS/Ph1b,2007-03-01,Belowground,110,474,7.93
TS/Ph1b,2007-03-01,Belowground,88,475,6.94
TS/Ph1b,2008-03-01,Aboveground,249,493,7.02
TS/Ph1b,2008-03-01,Aboveground,299,501,8.27
TS/Ph1b,2008-03-01,Aboveground,288,502,7.51
TS/Ph1b,2008-03-01,Belowground,280,487,7.94
TS/Ph1b,2008-03-01,Belowground,201,493,6.03
TS/Ph1b,2008-03-01,Belowground,208,488,6.1
TS/Ph1b,2009-03-01,Aboveground,287,500,10.8
TS/Ph1b,2009-03-01,Aboveground,227,504,5.85
TS/Ph1b,2009-03-01,Aboveground,235,507,5.27
TS/Ph1b,2009-03-01,Belowground,93,489,3.77
TS/Ph1b,2009-03-01,Belowground,183,487,4.98
TS/Ph1b,2009-03-01,Belowground,81,487,3.48
TS/Ph1b,2010-03-01,Aboveground,169,491,6.14
TS/Ph1b,2010-03-01,Aboveground,169,491,6.12
TS/Ph1b,2010-03-01,Aboveground,190,490,6.62
TS/Ph1b,2010-03-01,Belowground,234,470,7.38
TS/Ph1b,2010-03-01,Belowground,240,467,8.38
TS/Ph1b,2010-03-01,Belowground,147,480,7.73
TS/Ph1b,2011-03-01,Aboveground,231.595,421.72,7.26
TS/Ph1b,2011-03-01,Aboveground,290.2,497.83,8.07
TS/Ph1b,2011-03-01,Aboveground,237.241,429.82,7.42
TS/Ph1b,2011-03-01,Belowground,96.267,460.19,6.12
TS/Ph1b,2011-03-01,Belowground,132.901,447.54,5.49
TS/Ph1b,2011-03-01,Belowground,106.042,447.08,5.47
TS/Ph1b,2012-03-01,Aboveground,241.635,497.66,9.68
TS/Ph1b,2012-03-01,Aboveground,223.946,504.7,10.21
TS/Ph1b,2012-03-01,Aboveground,248.835,508.52,10.58
TS/Ph1b,2012-03-01,Belowground,92.448,531.58,10.85
TS/Ph1b,2012-03-01,Belowground,184.78,546.66,7.71
TS/Ph1b,2012-03-01,Belowground,289.549,534.99,9.99
TS/Ph1b,2013-03-01,Aboveground,259.436,481.3,6.73
TS/Ph1b,2013-03-01,Aboveground,262.385,481.52,7.16
TS/Ph1b,2013-03-01,Aboveground,288.182,486.2,6.86
TS/Ph1b,2013-03-01,Belowground,371.443,468.39,9.95
TS/Ph1b,2013-03-01,Belowground,160.253,466.11,5.15
TS/Ph1b,2013-03-01,Belowground,214.683,438.62,7.11
TS/Ph1b,2014-03-01,Aboveground,279.951,475.77,4.48
TS/Ph1b,2014-03-01,Aboveground,229.347,482.38,8.21
TS/Ph1b,2014-03-01,Aboveground,358.388,469.34,8.79
TS/Ph1b,2014-03-01,Belowground,245.375,462.39,6.44
TS/Ph1b,2014-03-01,Belowground,204.654,457.5,4.36
TS/Ph1b,2014-03-01,Belowground,370.85,465.01,6.64
TS/Ph1b,2015-03-01,Aboveground,425,476.9,10.69
TS/Ph1b,2015-03-01,Aboveground,255.821,482.05,8.71
TS/Ph1b,2015-03-01,Aboveground,291.867,476.59,8.66
TS/Ph1b,2015-03-01,Belowground,337.715,466.39,8.03
TS/Ph1b,2015-03-01,Belowground,107.38,471.82,4.87
TS/Ph1b,2015-03-01,Belowground,85.708,472.2,4.35
TS/Ph1b,2016-03-01,Aboveground,213.881,472.7,6.53
TS/Ph1b,2016-03-01,Aboveground,109.48,480.93,9.45
TS/Ph1b,2016-03-01,Aboveground,167.611,481.8,8.89
TS/Ph1b,2016-03-01,Belowground,188.183,463.54,5.34
TS/Ph1b,2016-03-01,Belowground,216.324,463.49,5.87
TS/Ph1b,2016-03-01,Belowground,152.33,452.77,4.7
TS/Ph1b,2017-03-01,Aboveground,299.02,484.03,10.2
TS/Ph1b,2017-03-01,Aboveground,392.576,480.85,11.44
TS/Ph1b,2017-03-01,Aboveground,336.053,485.41,10.95
TS/Ph1b,2017-03-01,Belowground,154.87,452.1,6.79
TS/Ph1b,2017-03-01,Belowground,303.887,468.18,7.61
TS/Ph1b,2017-03-01,Belowground,247.371,454.47,7.35
TS/Ph1b,2018-03-01,Aboveground,322.22,495.01,2.47
TS/Ph1b,2018-03-01,Aboveground,280.637,505.15,2.97
TS/Ph1b,2018-03-01,Aboveground,310.826,504.86,2.66
TS/Ph1b,2018-03-01,Belowground,228.076,490.51,3.7
TS/Ph1b,2018-03-01,Belowground,269.247,486.12,5.63
TS/Ph1b,2018-03-01,Belowground,329.515,497.91,5.77
TS/Ph1b,2019-03-01,Aboveground,292.439,411.34,7.15
TS/Ph1b,2019-03-01,Aboveground,286.315,513.14,8.11
TS/Ph1b,2019-03-01,Aboveground,285.113,459.59,7.49
TS/Ph1b,2019-03-01,Belowground,217.056,423.02,4.59
TS/Ph1b,2019-03-01,Belowground,266.519,406.93,4.37
TS/Ph1b,2019-03-01,Belowground,71.252,467.75,4.71
TS/Ph1b,2020-03-01,Aboveground,229.975,479.48,9.26
TS/Ph1b,2020-03-01,Aboveground,204.722,484.93,8.1
TS/Ph1b,2020-03-01,Aboveground,159.462,485.63,6.98
TS/Ph1b,2020-03-01,Belowground,275.915,440.68,7.47
TS/Ph1b,2020-03-01,Belowground,208.763,471.96,6.21
TS/Ph1b,2020-03-01,Belowground,215.458,468.78,7.47
TS/Ph1b,2021-03-01,Aboveground,178.809,475.44,6.36
TS/Ph1b,2021-03-01,Aboveground,233.833,475.11,6.38
TS/Ph1b,2021-03-01,Aboveground,223.634,473.64,6.81
TS/Ph1b,2021-03-01,Belowground,176.192,443.78,8.45
TS/Ph1b,2021-03-01,Belowground,296.501,454.14,8.27
TS/Ph1b,2021-03-01,Belowground,185.405,455.53,7.28
TS/Ph1b,2022-03-01,Aboveground,212.196,466.71,10.1
TS/Ph1b,2022-03-01,Aboveground,218.544,477.33,8.19
TS/Ph1b,2022-03-01,Aboveground,243.345,471.47,6.51
TS/Ph1b,2022-03-01,Belowground,199.994,465.74,6.87
TS/Ph1b,2022-03-01,Belowground,259.437,466.49,5.1
TS/Ph1b,2022-03-01,Belowground,249.091,481.74,4.61
TS/Ph1b,2023-03-01,Aboveground,238.634,490.25,9.86
TS/Ph1b,2023-03-01,Aboveground,189.582,494.79,9.89
TS/Ph1b,2023-03-01,Aboveground,277.846,502.78,12.08
TS/Ph1b,2023-03-01,Belowground,150.264,489.5,7.47
TS/Ph1b,2023-03-01,Belowground,149.105,487.29,8.45
TS/Ph1b,2023-03-01,Belowground,278.254,498.13,6.36
TS/Ph2,2002-03-01,Aboveground,268.814,473.95,7.22
TS/Ph2,2002-03-01,Aboveground,310.835,471.46,6.52
TS/Ph2,2002-03-01,Aboveground,202.71,482.8,6.12
TS/Ph2,2002-03-01,Belowground,173.52,468.63,6.75
TS/Ph2,2002-03-01,Belowground,240.152,461.52,6.23
TS/Ph2,2002-03-01,Belowground,144.488,451.61,6.76
TS/Ph2,2003-03-01,Aboveground,352,481,11
TS/Ph2,2003-03-01,Aboveground,310,477,9.34
TS/Ph2,2003-03-01,Aboveground,266,482,9.23
TS/Ph2,2003-03-01,Belowground,168,440,9.49
TS/Ph2,2003-03-01,Belowground,210,472,7.31
TS/Ph2,2003-03-01,Belowground,123,470,7
TS/Ph2,2004-03-01,Aboveground,355.133,487.34,7.04
TS/Ph2,2004-03-01,Aboveground,340.696,487.09,7.33
TS/Ph2,2004-03-01,Aboveground,317.08,486.46,7.71
TS/Ph2,2004-03-01,Belowground,287.508,471.06,7.66
TS/Ph2,2004-03-01,Belowground,189.043,458.68,6.22
TS/Ph2,2004-03-01,Belowground,358.289,472.99,7.62
TS/Ph2,2005-04-01,Aboveground,272,489,7.34
TS/Ph2,2005-04-01,Aboveground,269,489,7.66
TS/Ph2,2005-04-01,Aboveground,307,488,9.68
TS/Ph2,2005-04-01,Belowground,471,480,6.39
TS/Ph2,2005-04-01,Belowground,548,478,8.37
TS/Ph2,2005-04-01,Belowground,612,480,10.4
TS/Ph2,2006-03-01,Aboveground,224,479,6.59
TS/Ph2,2006-03-01,Aboveground,311,490,7.69
TS/Ph2,2006-03-01,Aboveground,234,492,6.93
TS/Ph2,2006-03-01,Belowground,242,489,6.53
TS/Ph2,2006-03-01,Belowground,182,424,7.42
TS/Ph2,2006-03-01,Belowground,274,494,7.67
TS/Ph2,2007-03-01,Aboveground,224,486,8.08
TS/Ph2,2007-03-01,Aboveground,242,476,8.58
TS/Ph2,2007-03-01,Aboveground,215,472,7.74
TS/Ph2,2007-03-01,Belowground,245,464,6.95
TS/Ph2,2007-03-01,Belowground,321,454.5,8.64
TS/Ph2,2007-03-01,Belowground,120,465,6.57
TS/Ph2,2008-03-01,Aboveground,239,501,8.34
TS/Ph2,2008-03-01,Aboveground,222,502,8.11
TS/Ph2,2008-03-01,Aboveground,238,505,7.52
TS/Ph2,2008-03-01,Belowground,99,470,4.3
TS/Ph2,2008-03-01,Belowground,118,493,4.38
TS/Ph2,2008-03-01,Belowground,142,475,6.3
TS/Ph2,2009-03-01,Aboveground,318,494,9.7
TS/Ph2,2009-03-01,Aboveground,227,491,8.08
TS/Ph2,2009-03-01,Aboveground,293,495,9.3
TS/Ph2,2009-03-01,Belowground,107,490,4.13
TS/Ph2,2009-03-01,Belowground,144,491,5.32
TS/Ph2,2009-03-01,Belowground,87,501,2.2
TS/Ph2,2010-03-01,Aboveground,276,486,7.33
TS/Ph2,2010-03-01,Aboveground,254,483,5.34
TS/Ph2,2010-03-01,Aboveground,333,480,7.96
TS/Ph2,2010-03-01,Belowground,283,470,6.2
TS/Ph2,2010-03-01,Belowground,525,480,9.7
TS/Ph2,2010-03-01,Belowground,512,485,9.76
TS/Ph2,2011-03-01,Aboveground,442.976,447.91,9.67
TS/Ph2,2011-03-01,Aboveground,405.154,474.25,7.59
TS/Ph2,2011-03-01,Aboveground,267.244,442.92,6.55
TS/Ph2,2011-03-01,Belowground,239.984,418.77,6.1
TS/Ph2,2011-03-01,Belowground,234.718,443.69,5.57
TS/Ph2,2011-03-01,Belowground,163.482,417.58,6.2
TS/Ph2,2012-03-01,Aboveground,328.031,498.99,10.81
TS/Ph2,2012-03-01,Aboveground,275.22,505.6,10.52
TS/Ph2,2012-03-01,Aboveground,271.393,499.7,9.78
TS/Ph2,2012-03-01,Belowground,513.125,529.71,9.16
TS/Ph2,2012-03-01,Belowground,248.237,532.87,8.06
TS/Ph2,2012-03-01,Belowground,324.534,528.11,7.23
TS/Ph2,2013-03-01,Aboveground,215.746,480.58,5.02
TS/Ph2,2013-03-01,Aboveground,306.137,479.61,6.82
TS/Ph2,2013-03-01,Aboveground,283.523,470.84,5.09
TS/Ph2,2013-03-01,Belowground,196.113,480.56,4.84
TS/Ph2,2013-03-01,Belowground,423.881,468.8,9.12
TS/Ph2,2013-03-01,Belowground,385.061,465.73,8.12
TS/Ph2,2014-03-01,Aboveground,314.39,479.48,5.08
TS/Ph2,2014-03-01,Aboveground,268.351,483.03,5.91
TS/Ph2,2014-03-01,Aboveground,281.315,474.17,5.27
TS/Ph2,2014-03-01,Belowground,341.595,461.98,5.08
TS/Ph2,2014-03-01,Belowground,477.971,460.12,6.4
TS/Ph2,2014-03-01,Belowground,448.849,468.91,7.89
TS/Ph2,2015-03-01,Aboveground,482.607,467.87,11.2
TS/Ph2,2015-03-01,Aboveground,447.388,423,6.48
TS/Ph2,2015-03-01,Aboveground,500.024,469.21,13.05
TS/Ph2,2015-03-01,Belowground,380.046,465.89,4.53
TS/Ph2,2015-03-01,Belowground,468.575,433.32,6.82
TS/Ph2,2015-03-01,Belowground,436.676,474.71,9.17
TS/Ph2,2016-03-01,Aboveground,240.538,474.26,6.91
TS/Ph2,2016-03-01,Aboveground,252.327,452.39,7.17
TS/Ph2,2016-03-01,Aboveground,277.627,469.55,7.88
TS/Ph2,2016-03-01,Belowground,263.639,470.35,5.84
TS/Ph2,2016-03-01,Belowground,142.298,477.56,5.1
TS/Ph2,2016-03-01,Belowground,84.533,469.53,3.87
TS/Ph2,2017-03-01,Aboveground,349.615,490.74,10.88
TS/Ph2,2017-03-01,Aboveground,359.368,487.98,9.05
TS/Ph2,2017-03-01,Aboveground,551.285,486.07,12.29
TS/Ph2,2017-03-01,Belowground,313.613,417.61,7.6
TS/Ph2,2017-03-01,Belowground,806.326,470.6,8.71
TS/Ph2,2017-03-01,Belowground,878.405,466.08,12.97
TS/Ph2,2018-03-01,Aboveground,374.741,498.15,6
TS/Ph2,2018-03-01,Aboveground,385.604,497.4,3.2
TS/Ph2,2018-03-01,Aboveground,359.621,496.43,7.49
TS/Ph2,2018-03-01,Belowground,208.983,489.69,6.15
TS/Ph2,2018-03-01,Belowground,242.268,487.8,7.82
TS/Ph2,2018-03-01,Belowground,391.557,487.62,3.93
TS/Ph2,2019-03-01,Aboveground,270.205,430.11,5.86
TS/Ph2,2019-03-01,Aboveground,272.722,445.07,6.89
TS/Ph2,2019-03-01,Aboveground,366.656,458.71,6.9
TS/Ph2,2019-03-01,Belowground,130.117,474.15,5.31
TS/Ph2,2019-03-01,Belowground,698.23,419.58,6.97
TS/Ph2,2019-03-01,Belowground,590.307,407.11,6.97
TS/Ph2,2020-03-01,Aboveground,234.865,469.57,10
TS/Ph2,2020-03-01,Aboveground,244.268,459.31,6.59
TS/Ph2,2020-03-01,Aboveground,187.182,499.15,8.23
TS/Ph2,2020-03-01,Belowground,180.051,459.67,7.63
TS/Ph2,2020-03-01,Belowground,676.965,457.14,9.05
TS/Ph2,2020-03-01,Belowground,323.677,460.1,8.77
TS/Ph2,2021-03-01,Aboveground,242.256,484.88,6.04
TS/Ph2,2021-03-01,Aboveground,206.25,476.54,6.28
TS/Ph2,2021-03-01,Aboveground,233.256,478.23,5.46
TS/Ph2,2021-03-01,Belowground,454.325,461.75,6.75
TS/Ph2,2021-03-01,Belowground,247.974,461.32,6.92
TS/Ph2,2021-03-01,Belowground,708.489,468.77,5.58
TS/Ph2,2022-03-01,Aboveground,339.097,454.86,8.23
TS/Ph2,2022-03-01,Aboveground,315.811,454.14,7.53
TS/Ph2,2022-03-01,Aboveground,410.524,471.7,5.66
TS/Ph2,2022-03-01,Belowground,254.404,452.17,7.54
TS/Ph2,2022-03-01,Belowground,365.962,469.34,4.84
TS/Ph2,2022-03-01,Belowground,229.814,469.45,7.94
TS/Ph2,2023-03-01,Aboveground,211.979,499.82,8.96
TS/Ph2,2023-03-01,Aboveground,219.386,503.21,9.24
TS/Ph2,2023-03-01,Aboveground,199.852,499.67,9.31
TS/Ph2,2023-03-01,Belowground,249.399,506.19,8.15
TS/Ph2,2023-03-01,Belowground,214.358,502.03,7.58
TS/Ph2,2023-03-01,Belowground,205.148,502.08,7.6
TS/Ph3,2002-03-01,Aboveground,232.02,531.07,7.91
TS/Ph3,2002-03-01,Aboveground,267.996,523.81,7.66
TS/Ph3,2002-03-01,Aboveground,290.132,480.95,8.95
TS/Ph3,2002-03-01,Belowground,123.285,476.66,7.43
TS/Ph3,2002-03-01,Belowground,275.301,477.5,7.06
TS/Ph3,2002-03-01,Belowground,191.77,468.38,8.52
TS/Ph3,2003-03-01,Aboveground,290,487,9.2
TS/Ph3,2003-03-01,Aboveground,310,489,9.68
TS/Ph3,2003-03-01,Aboveground,254,510.5,8.7
TS/Ph3,2003-03-01,Belowground,82,469,5.47
TS/Ph3,2003-03-01,Belowground,100,464,5.66
TS/Ph3,2003-03-01,Belowground,296,461,7.97
TS/Ph3,2004-03-01,Aboveground,256.013,506.2,6.31
TS/Ph3,2004-03-01,Aboveground,337.342,499.65,7.27
TS/Ph3,2004-03-01,Aboveground,343.312,501.74,7.28
TS/Ph3,2004-03-01,Belowground,178,481,8.2
TS/Ph3,2004-03-01,Belowground,73,478,6.71
TS/Ph3,2004-03-01,Belowground,322,468,10
TS/Ph3,2005-04-01,Aboveground,105,496,5.9
TS/Ph3,2005-04-01,Aboveground,181,500,6.94
TS/Ph3,2005-04-01,Aboveground,229,495,8.06
TS/Ph3,2005-04-01,Belowground,99,494,5.5
TS/Ph3,2005-04-01,Belowground,461,490,7.66
TS/Ph3,2005-04-01,Belowground,393,481,7.1
TS/Ph3,2006-03-01,Aboveground,221,511,8.31
TS/Ph3,2006-03-01,Aboveground,442,503,10.5
TS/Ph3,2006-03-01,Aboveground,208,525,7.03
TS/Ph3,2006-03-01,Belowground,198,508,10.85
TS/Ph3,2006-03-01,Belowground,277,509,12.2
TS/Ph3,2006-03-01,Belowground,228,519,9.35
TS/Ph3,2007-02-01,Aboveground,257,488,7.24
TS/Ph3,2007-02-01,Aboveground,180,488,10.7
TS/Ph3,2007-02-01,Aboveground,206,484,11.2
TS/Ph3,2007-02-01,Belowground,160,435,7.4
TS/Ph3,2007-02-01,Belowground,140,465,10.4
TS/Ph3,2007-02-01,Belowground,120,479,8.71
TS/Ph3,2008-03-01,Aboveground,216,504,6.23
TS/Ph3,2008-03-01,Aboveground,242,507,8.84
TS/Ph3,2008-03-01,Aboveground,211,508,8.27
TS/Ph3,2008-03-01,Belowground,180,481,9.19
TS/Ph3,2008-03-01,Belowground,186,488,9.91
TS/Ph3,2008-03-01,Belowground,236,485,12.8
TS/Ph3,2009-03-01,Aboveground,169,508,4.93
TS/Ph3,2009-03-01,Aboveground,230,504,6.97
TS/Ph3,2009-03-01,Aboveground,218,511,4.72
TS/Ph3,2009-03-01,Belowground,144,482,4.75
TS/Ph3,2009-03-01,Belowground,131,474,2.95
TS/Ph3,2009-03-01,Belowground,161,468,4.05
TS/Ph3,2010-03-01,Aboveground,231,497,6.52
TS/Ph3,2010-03-01,Aboveground,168,501,4.92
TS/Ph3,2010-03-01,Aboveground,305,493,8.63
TS/Ph3,2010-03-01,Belowground,217,480,11
TS/Ph3,2010-03-01,Belowground,283,483,14.4
TS/Ph3,2010-03-01,Belowground,286,476,12.1
TS/Ph3,2011-03-01,Aboveground,266.446,485.2,8.68
TS/Ph3,2011-03-01,Aboveground,211.234,462.58,5.95
TS/Ph3,2011-03-01,Aboveground,231.38,469.41,7.35
TS/Ph3,2011-03-01,Belowground,304.558,397.7,8.89
TS/Ph3,2011-03-01,Belowground,321.68,426.71,9.63
TS/Ph3,2011-03-01,Belowground,139.821,466.33,6.04
TS/Ph3,2012-03-01,Aboveground,197.707,517.23,10.09
TS/Ph3,2012-03-01,Aboveground,242.274,514.99,10.17
TS/Ph3,2012-03-01,Aboveground,214.82,498.23,8.24
TS/Ph3,2012-03-01,Belowground,108.594,515.83,8.83
TS/Ph3,2012-03-01,Belowground,132.95,511.31,7.79
TS/Ph3,2012-03-01,Belowground,147.738,502.91,10.59
TS/Ph3,2013-03-01,Aboveground,177.918,491.14,5.27
TS/Ph3,2013-03-01,Aboveground,377.533,488.31,7.26
TS/Ph3,2013-03-01,Aboveground,347.329,489.15,8.58
TS/Ph3,2013-03-01,Belowground,182.151,470.45,10.76
TS/Ph3,2013-03-01,Belowground,318.191,471.45,10.65
TS/Ph3,2013-03-01,Belowground,213.669,424.6,8.85
TS/Ph3,2014-03-01,Aboveground,333.198,487.98,7.89
TS/Ph3,2014-03-01,Aboveground,456.807,479.47,7.85
TS/Ph3,2014-03-01,Aboveground,370.506,490.64,9.56
TS/Ph3,2014-03-01,Belowground,407.568,490.14,12.26
TS/Ph3,2014-03-01,Belowground,685.699,479.31,13.31
TS/Ph3,2014-03-01,Belowground,818.864,471.84,15.35
TS/Ph3,2015-03-01,Aboveground,286.886,488.24,8.85
TS/Ph3,2015-03-01,Aboveground,354.145,479.02,8.78
TS/Ph3,2015-03-01,Aboveground,322.191,494.35,5.64
TS/Ph3,2015-03-01,Belowground,78.706,470.91,6.19
TS/Ph3,2015-03-01,Belowground,133.919,437.04,6.19
TS/Ph3,2015-03-01,Belowground,175.702,471.09,6.24
TS/Ph3,2016-03-01,Aboveground,218.868,483.5,8.7
TS/Ph3,2016-03-01,Aboveground,210.614,482.93,7.13
TS/Ph3,2016-03-01,Aboveground,257.424,480.55,8.75
TS/Ph3,2016-03-01,Belowground,254.205,517.08,8.6
TS/Ph3,2016-03-01,Belowground,168.297,527.75,7.39
TS/Ph3,2016-03-01,Belowground,211.433,522.4,8.33
TS/Ph3,2017-03-01,Aboveground,643.956,484.98,12.22
TS/Ph3,2017-03-01,Aboveground,339.427,502.61,10.28
TS/Ph3,2017-03-01,Aboveground,375.791,496.21,11.95
TS/Ph3,2017-03-01,Belowground,845.71,465.57,11.92
TS/Ph3,2017-03-01,Belowground,304.381,471.56,7.14
TS/Ph3,2017-03-01,Belowground,275.164,496.56,12.34
TS/Ph3,2018-03-01,Aboveground,485.189,498.84,12.39
TS/Ph3,2018-03-01,Aboveground,475.519,502.15,12.87
TS/Ph3,2018-03-01,Aboveground,541.265,501.51,13.13
TS/Ph3,2018-03-01,Belowground,818.319,467,15.81
TS/Ph3,2018-03-01,Belowground,442.062,454.33,5.86
TS/Ph3,2018-03-01,Belowground,864.759,481.37,6.87
TS/Ph3,2019-05-01,Aboveground,299.264,462.47,9.26
TS/Ph3,2019-05-01,Aboveground,346.18,443.35,8.25
TS/Ph3,2019-05-01,Aboveground,305.44,481.02,7.19
TS/Ph3,2019-05-01,Belowground,319.267,437.32,7.41
TS/Ph3,2019-05-01,Belowground,467.095,438.51,6.96
TS/Ph3,2019-05-01,Belowground,490.535,427.47,7.95
TS/Ph3,2020-03-01,Aboveground,246.712,484.27,9.07
TS/Ph3,2020-03-01,Aboveground,220.803,479.05,8.94
TS/Ph3,2020-03-01,Aboveground,230.324,472.68,7.29
TS/Ph3,2020-03-01,Belowground,122.357,444.09,8.97
TS/Ph3,2020-03-01,Belowground,183.735,452.78,7.64
TS/Ph3,2020-03-01,Belowground,254.411,462.72,4.19
TS/Ph3,2021-03-01,Aboveground,265.108,490.79,6.14
TS/Ph3,2021-03-01,Aboveground,177.154,484.24,7.91
TS/Ph3,2021-03-01,Aboveground,218.659,489.12,6.67
TS/Ph3,2021-03-01,Belowground,506.538,433.81,9.23
TS/Ph3,2021-03-01,Belowground,199.033,448.32,9.59
TS/Ph3,2021-03-01,Belowground,386.032,466.05,6.59
TS/Ph3,2022-03-01,Aboveground,245.724,490.85,6.21
TS/Ph3,2022-03-01,Aboveground,211.766,491.9,7.16
TS/Ph3,2022-03-01,Aboveground,131.269,488.01,6.84
TS/Ph3,2022-03-01,Belowground,335.693,468.26,7.43
TS/Ph3,2022-03-01,Belowground,167.195,486.01,7.09
TS/Ph3,2022-03-01,Belowground,144.518,456.56,10.11
TS/Ph3,2023-03-01,Aboveground,265.275,507.38,11.25
TS/Ph3,2023-03-01,Aboveground,330.352,506.42,11.01
TS/Ph3,2023-03-01,Aboveground,277.936,500.94,11.33
TS/Ph3,2023-03-01,Belowground,254.299,483.15,9.97
TS/Ph3,2023-03-01,Belowground,361.198,485.88,10.9
TS/Ph3,2023-03-01,Belowground,212.28,485.62,10.57
TS/Ph4,2002-04-01,Aboveground,247.527,493.47,7.26
TS/Ph4,2002-04-01,Aboveground,209.472,484.48,5.98
TS/Ph4,2002-04-01,Aboveground,109.171,474.4,4.67
TS/Ph4,2002-04-01,Belowground,113.606,476.6,5.96
TS/Ph4,2002-04-01,Belowground,176.359,459.18,6.7
TS/Ph4,2002-04-01,Belowground,126.313,439.02,6.4
TS/Ph4,2003-04-01,Aboveground,260,482,8.13
TS/Ph4,2003-04-01,Aboveground,260,479,8.8
TS/Ph4,2003-04-01,Aboveground,288,480,10.4
TS/Ph4,2003-04-01,Belowground,254,477,5.62
TS/Ph4,2003-04-01,Belowground,104,478,5.04
TS/Ph4,2003-04-01,Belowground,412,455,9.16
TS/Ph4,2004-04-01,Belowground,136.325,470.72,4.84
TS/Ph4,2004-04-01,Belowground,208.46,488.64,4.66
TS/Ph4,2004-04-01,Belowground,167.045,468.72,4.32
TS/Ph4,2004-04-01,Aboveground,271.723,495.46,7.25
TS/Ph4,2004-04-01,Aboveground,284.097,493.19,8.39
TS/Ph4,2004-04-01,Aboveground,298.057,491.22,8.82
TS/Ph4,2005-04-01,Aboveground,197,498,7.79
TS/Ph4,2005-04-01,Aboveground,303,496.5,9.72
TS/Ph4,2005-04-01,Aboveground,229,496,7.33
TS/Ph4,2005-04-01,Belowground,157,466,4.89
TS/Ph4,2005-04-01,Belowground,401,484,6.17
TS/Ph4,2005-04-01,Belowground,223,462,6.89
TS/Ph4,2006-03-01,Aboveground,170,499,7.35
TS/Ph4,2006-03-01,Aboveground,220,487,10.8
TS/Ph4,2006-03-01,Aboveground,217,501,10
TS/Ph4,2006-03-01,Belowground,130,467,6.02
TS/Ph4,2006-03-01,Belowground,135,474,4.83
TS/Ph4,2006-03-01,Belowground,91,479,4.89
TS/Ph5,2002-04-01,Aboveground,197.231,490.9,6.69
TS/Ph5,2002-04-01,Aboveground,269.516,488.85,6.11
TS/Ph5,2002-04-01,Aboveground,260.509,494.97,5.68
TS/Ph5,2002-04-01,Belowground,238.994,464.18,4.16
TS/Ph5,2002-04-01,Belowground,203.951,466.75,5.56
TS/Ph5,2002-04-01,Belowground,70.341,467.46,5.67
TS/Ph5,2003-04-01,Aboveground,278,487,7.88
TS/Ph5,2003-04-01,Aboveground,216,488,7.22
TS/Ph5,2003-04-01,Aboveground,288,484,9.14
TS/Ph5,2003-04-01,Belowground,274,487,6.99
TS/Ph5,2003-04-01,Belowground,290,471,6.18
TS/Ph5,2003-04-01,Belowground,309,486,7.21
TS/Ph5,2004-04-01,Belowground,186.657,488.68,8.1
TS/Ph5,2004-04-01,Belowground,244.032,455.86,4.53
TS/Ph5,2004-04-01,Belowground,284.875,478.7,7.04
TS/Ph5,2004-04-01,Aboveground,184.357,496.3,6.44
TS/Ph5,2004-04-01,Aboveground,345.656,489.58,9.16
TS/Ph5,2004-04-01,Aboveground,245.548,478.43,8.46
TS/Ph5,2005-04-01,Aboveground,154,499,6.59
TS/Ph5,2005-04-01,Aboveground,163,498,7.03
TS/Ph5,2005-04-01,Aboveground,259,498,8.14
TS/Ph5,2005-04-01,Belowground,130,475,5.42
TS/Ph5,2005-04-01,Belowground,70,448,5.67
TS/Ph5,2005-04-01,Belowground,169,487,5.59
TS/Ph5,2006-04-01,Aboveground,219,529,8.38
TS/Ph5,2006-04-01,Aboveground,151,528,6.61
TS/Ph5,2006-04-01,Aboveground,311,531,10.6
TS/Ph5,2006-04-01,Belowground,211,484,6.53
TS/Ph5,2006-04-01,Belowground,181,488,6.6
TS/Ph5,2006-04-01,Belowground,230,487,5.91
TS/Ph6b,2002-03-01,Aboveground,434.05,479.1,7.39
TS/Ph6b,2002-03-01,Aboveground,208.981,471.75,8.55
TS/Ph6b,2002-03-01,Aboveground,373.353,430.84,8.99
TS/Ph6b,2002-03-01,Belowground,281.477,490.77,4.9
TS/Ph6b,2002-03-01,Belowground,406.62,474.63,10.85
TS/Ph6b,2002-03-01,Belowground,567.793,474.97,13.51
TS/Ph6b,2003-03-01,Aboveground,370,470,11.3
TS/Ph6b,2003-03-01,Aboveground,376,477,11.8
TS/Ph6b,2003-03-01,Aboveground,376,478,11.9
TS/Ph6b,2003-03-01,Belowground,142,482,7.32
TS/Ph6b,2003-03-01,Belowground,390,471,8.3
TS/Ph6b,2003-03-01,Belowground,318,465,9.19
TS/Ph6b,2004-03-01,Aboveground,265.495,481.01,5.28
TS/Ph6b,2004-03-01,Aboveground,370.442,479.2,6.88
TS/Ph6b,2004-03-01,Aboveground,333.327,481.26,6.55
TS/Ph6b,2004-03-01,Belowground,123,492,3.55
TS/Ph6b,2004-03-01,Belowground,195,480,6.84
TS/Ph6b,2004-03-01,Belowground,109,489.5,5.66
TS/Ph6b,2005-04-01,Aboveground,235,477,9.18
TS/Ph6b,2005-04-01,Aboveground,229,475,8.61
TS/Ph6b,2005-04-01,Aboveground,205,471,7.58
TS/Ph6b,2005-04-01,Belowground,283,384,7.85
TS/Ph6b,2005-04-01,Belowground,223,383,6.14
TS/Ph6b,2005-04-01,Belowground,99,326,5.06
TS/Ph6b,2006-03-01,Aboveground,192,521,5.36
TS/Ph6b,2006-03-01,Aboveground,249,513,8.45
TS/Ph6b,2006-03-01,Aboveground,267,517,8.22
TS/Ph6b,2006-03-01,Belowground,649,508,4.91
TS/Ph6b,2006-03-01,Belowground,241,509,6.53
TS/Ph6b,2006-03-01,Belowground,257,497,6.42
TS/Ph6b,2007-03-01,Aboveground,190,491,10.1
TS/Ph6b,2007-03-01,Aboveground,315,470,10.9
TS/Ph6b,2007-03-01,Aboveground,285,488,5.25
TS/Ph6b,2007-03-01,Belowground,200,461,8.8
TS/Ph6b,2007-03-01,Belowground,388,470,5.26
TS/Ph6b,2007-03-01,Belowground,150,443,9.26
TS/Ph6b,2008-03-01,Aboveground,283,485,7.66
TS/Ph6b,2008-03-01,Aboveground,338,481,8.82
TS/Ph6b,2008-03-01,Aboveground,356,485,8.99
TS/Ph6b,2008-03-01,Belowground,337,450,5.11
TS/Ph6b,2008-03-01,Belowground,397,472,7.94
TS/Ph6b,2008-03-01,Belowground,441,489,7.32
TS/Ph6b,2009-03-01,Aboveground,221,495,8.62
TS/Ph6b,2009-03-01,Aboveground,254,491,5.97
TS/Ph6b,2009-03-01,Aboveground,202,489,5.19
TS/Ph6b,2009-03-01,Belowground,210,445,6.26
TS/Ph6b,2009-03-01,Belowground,166,490,3.67
TS/Ph6b,2009-03-01,Belowground,219,472,4.04
TS/Ph6b,2010-03-01,Aboveground,331,486,9.5
TS/Ph6b,2010-03-01,Aboveground,376,480,11.2
TS/Ph6b,2010-03-01,Aboveground,239,490,7.57
TS/Ph6b,2010-03-01,Belowground,383,476,12.1
TS/Ph6b,2010-03-01,Belowground,174,473,6.11
TS/Ph6b,2010-03-01,Belowground,231,483,6.98
TS/Ph6b,2011-03-01,Aboveground,-9999,-9999,-9999
TS/Ph6b,2011-03-01,Aboveground,351.903,428.08,9.85
TS/Ph6b,2011-03-01,Aboveground,385.499,403.54,8.65
TS/Ph6b,2011-03-01,Belowground,146.198,415.37,2.54
TS/Ph6b,2011-03-01,Belowground,217.741,380.89,4.38
TS/Ph6b,2011-03-01,Belowground,176.274,413.83,3.12
TS/Ph6b,2012-03-01,Aboveground,337.298,484.52,9.75
TS/Ph6b,2012-03-01,Aboveground,297.491,507.71,8.86
TS/Ph6b,2012-03-01,Aboveground,243.759,520.55,10.44
TS/Ph6b,2012-03-01,Belowground,370.848,472.32,5.67
TS/Ph6b,2012-03-01,Belowground,472.876,473.27,3.55
TS/Ph6b,2012-03-01,Belowground,245.162,472.82,9.22
TS/Ph6b,2013-03-01,Aboveground,342.742,475.07,6.87
TS/Ph6b,2013-03-01,Aboveground,465.272,468.94,11.41
TS/Ph6b,2013-03-01,Aboveground,266.707,486.43,6.18
TS/Ph6b,2013-03-01,Belowground,495.231,474.29,3.62
TS/Ph6b,2013-03-01,Belowground,787.571,470.18,10.26
TS/Ph6b,2013-03-01,Belowground,343.834,482.55,4.31
TS/Ph6b,2014-03-01,Aboveground,227.833,479.36,8.35
TS/Ph6b,2014-03-01,Aboveground,201.697,481.4,7.39
TS/Ph6b,2014-03-01,Aboveground,183.927,480.9,6.31
TS/Ph6b,2014-03-01,Belowground,270.206,463.91,6.04
TS/Ph6b,2014-03-01,Belowground,91.809,477.49,3.33
TS/Ph6b,2014-03-01,Belowground,161.695,477.99,3.17
TS/Ph6b,2015-03-01,Aboveground,347.217,468.6,11.61
TS/Ph6b,2015-03-01,Aboveground,217.614,473.73,8.11
TS/Ph6b,2015-03-01,Aboveground,234.182,476.12,10.24
TS/Ph6b,2015-03-01,Belowground,225.532,466.05,4.15
TS/Ph6b,2015-03-01,Belowground,152.417,479.04,5.7
TS/Ph6b,2015-03-01,Belowground,128.266,590.76,6.84
TS/Ph6b,2016-03-01,Aboveground,269.582,461.46,10.39
TS/Ph6b,2016-03-01,Aboveground,307.708,475.44,11.6
TS/Ph6b,2016-03-01,Aboveground,214.012,474.27,9.16
TS/Ph6b,2016-03-01,Belowground,118.988,519.51,6.05
TS/Ph6b,2016-03-01,Belowground,310.926,515.16,8.53
TS/Ph6b,2016-03-01,Belowground,164.618,529.85,8.47
TS/Ph6b,2017-03-01,Aboveground,137.786,491.44,6.57
TS/Ph6b,2017-03-01,Aboveground,249.009,482.35,8.27
TS/Ph6b,2017-03-01,Aboveground,405.636,488.29,10.69
TS/Ph6b,2017-03-01,Belowground,155.658,471.36,5.04
TS/Ph6b,2017-03-01,Belowground,309.127,423.81,7.18
TS/Ph6b,2017-03-01,Belowground,180.816,482.92,4.44
TS/Ph6b,2018-03-01,Aboveground,308.495,484.35,11.82
TS/Ph6b,2018-03-01,Aboveground,363.586,481.7,11.51
TS/Ph6b,2018-03-01,Aboveground,338.738,486.59,5.61
TS/Ph6b,2018-03-01,Belowground,312.516,475.27,5.88
TS/Ph6b,2018-03-01,Belowground,437.374,488.15,8.18
TS/Ph6b,2018-03-01,Belowground,219.57,473.34,4.79
TS/Ph6b,2019-04-01,Aboveground,274.794,402.94,7.76
TS/Ph6b,2019-04-01,Aboveground,270.345,437.61,5.53
TS/Ph6b,2019-04-01,Aboveground,444.719,445.13,8.86
TS/Ph6b,2019-04-01,Belowground,403.03,416.6,5.52
TS/Ph6b,2019-04-01,Belowground,184.647,428.73,3.72
TS/Ph6b,2019-04-01,Belowground,221.586,426.14,3.94
TS/Ph6b,2020-03-01,Aboveground,164.317,463.92,3.85
TS/Ph6b,2020-03-01,Aboveground,212.17,462.34,7.97
TS/Ph6b,2020-03-01,Aboveground,209.556,467.19,7.87
TS/Ph6b,2020-03-01,Belowground,168.106,464.94,3.96
TS/Ph6b,2020-03-01,Belowground,143.956,462.03,3.21
TS/Ph6b,2020-03-01,Belowground,187.086,459.32,7.85
TS/Ph6b,2021-03-01,Aboveground,199.776,455.29,7.16
TS/Ph6b,2021-03-01,Aboveground,331.191,475.97,5.41
TS/Ph6b,2021-03-01,Aboveground,159.79,463.66,8
TS/Ph6b,2021-03-01,Belowground,164.783,451.27,5.56
TS/Ph6b,2021-03-01,Belowground,230.155,455.63,4.34
TS/Ph6b,2021-03-01,Belowground,245.276,465.97,5.54
TS/Ph6b,2022-04-01,Aboveground,119.121,471.99,6.8
TS/Ph6b,2022-04-01,Aboveground,159.418,482.24,6.89
TS/Ph6b,2022-04-01,Aboveground,236.201,479.34,7.23
TS/Ph6b,2022-04-01,Belowground,166.228,439.36,10.65
TS/Ph6b,2022-04-01,Belowground,244.506,464.05,7.12
TS/Ph6b,2022-04-01,Belowground,167.649,460.55,7.89
TS/Ph6b,2023-04-01,Aboveground,298.405,483.42,10.43
TS/Ph6b,2023-04-01,Aboveground,180.548,489.04,8.38
TS/Ph6b,2023-04-01,Aboveground,261.666,472.16,9.02
TS/Ph6b,2023-04-01,Belowground,524.122,478.31,9.89
TS/Ph6b,2023-04-01,Belowground,179.781,462.52,7.78
TS/Ph6b,2023-04-01,Belowground,361.002,459.52,8.15
